Demand name,Path_0,Path_1,Path_2,Path_3,Path_4,Path_5,Path_6,Path_7,Path_8,Path_9
Demand_0_1,1,0,0,0,0,0,0
Demand_0_2,1,0,0,0,0,0,0
Demand_0_3,1,0,0,0,0,0,0
Demand_0_4,1,0,0,0,0,0,0
Demand_0_5,0,1,0,0,0,0,0
Demand_0_6,0,0,1,0,0,0,0
Demand_0_7,1,0,0,0,0,0,0
Demand_0_8,1,0,0,0,0,0,0
Demand_0_9,1,0,0,0,0,0,0
Demand_0_10,1,0,0,0,0,0,0
Demand_0_11,1,0,0,0,0,0,0
Demand_1_2,1,0,0,0,0,0,0
Demand_1_3,0,0,1,0,0,0,0
Demand_1_4,0,0,0,1,0,0,0
Demand_1_5,1,0,0,0,0,0,0
Demand_1_6,0,0,0,1,0,0,0
Demand_1_7,1,0,0,0,0,0,0
Demand_1_8,1,0,0,0,0,0,0
Demand_1_9,0,1,0,0,0,0,0
Demand_1_10,1,0,0,0,0,0,0
Demand_1_11,1,0,0,0,0,0,0
Demand_2_3,0,0,1,0,0,0,0
Demand_2_4,0,0,1,0,0,0,0
Demand_2_5,1,0,0,0,0,0,0
Demand_2_6,0,0,1,0,0,0,0
Demand_2_7,1,0,0,0,0,0,0
Demand_2_8,0,1,0,0,0,0,0
Demand_2_9,1,0,0,0,0,0,0
Demand_2_10,0,0,1,0,0,0,0
Demand_2_11,0,0,0,1,0,0,0
Demand_3_4,1,0,0,0,0,0,0
Demand_3_5,0,0,1,0,0,0,0
Demand_3_6,1,0,0,0,0,0,0
Demand_3_7,0,0,1,0,0,0,0
Demand_3_8,0,0,1,0,0,0,0
Demand_3_9,0,1,0,0,0,0,0
Demand_3_10,1,0,0,0,0,0,0
Demand_3_11,1,0,0,0,0,0,0
Demand_4_5,0,1,0,0,0,0,0
Demand_4_6,0,0,1,0,0,0,0
Demand_4_7,0,1,0,0,0,0,0
Demand_4_8,1,0,0,0,0,0,0
Demand_4_9,0,1,0,0,0,0,0
Demand_4_10,1,0,0,0,0,0,0
Demand_4_11,1,0,0,0,0,0,0
Demand_5_6,0,1,0,0,0,0,0
Demand_5_7,0,1,0,0,0,0,0
Demand_5_8,1,0,0,0,0,0,0
Demand_5_9,1,0,0,0,0,0,0
Demand_5_10,0,1,0,0,0,0,0
Demand_5_11,0,0,1,0,0,0,0
Demand_6_7,0,0,1,0,0,0,0
Demand_6_8,1,0,0,0,0,0,0
Demand_6_9,0,1,0,0,0,0,0
Demand_6_10,1,0,0,0,0,0,0
Demand_6_11,1,0,0,0,0,0,0
Demand_7_8,0,0,0,1,0,0,0
Demand_7_9,0,1,0,0,0,0,0
Demand_7_10,1,0,0,0,0,0,0
Demand_7_11,1,0,0,0,0,0,0
Demand_8_9,1,0,0,0,0,0,0
Demand_8_10,1,0,0,0,0,0,0
Demand_8_11,1,0,0,0,0,0,0
Demand_9_10,0,0,1,0,0,0,0
Demand_9_11,1,0,0,0,0,0,0
Demand_10_11,0,1,0,0,0,0,0

