Demand name,Link_0,Link_1,Link_2,Link_3,Link_4,Link_5,Link_6,Link_7
Demand_0_1,Link_0_10,Link_1_10
Demand_0_2,Link_0_2
Demand_0_3,Link_0_5,Link_5_8,Link_4_8,Link_3_4
Demand_0_4,Link_0_5,Link_5_10,Link_4_10
Demand_0_5,Link_0_5
Demand_0_6,Link_0_10,Link_6_10
Demand_0_7,Link_0_2,Link_2_9,Link_7_9
Demand_0_8,Link_0_5,Link_5_8
Demand_0_9,Link_0_2,Link_2_9
Demand_0_10,Link_0_10
Demand_0_11,Link_0_5,Link_5_8,Link_4_8,Link_3_4,Link_3_11
Demand_1_2,Link_1_2
Demand_1_3,Link_1_2,Link_0_2,Link_0_10,Link_4_10,Link_3_4
Demand_1_4,Link_1_2,Link_0_2,Link_0_10,Link_4_10
Demand_1_5,Link_1_2,Link_0_2,Link_0_5
Demand_1_6,Link_1_2,Link_2_9,Link_7_9,Link_7_11,Link_6_11
Demand_1_7,Link_1_7
Demand_1_8,Link_1_2,Link_0_2,Link_0_5,Link_5_8
Demand_1_9,Link_1_7,Link_7_9
Demand_1_10,Link_1_10
Demand_1_11,Link_1_7,Link_7_11
Demand_2_3,Link_0_2,Link_0_5,Link_5_8,Link_4_8,Link_3_4
Demand_2_4,Link_0_2,Link_0_5,Link_5_10,Link_4_10
Demand_2_5,Link_0_2,Link_0_5
Demand_2_6,Link_0_2,Link_0_5,Link_5_8,Link_4_8,Link_4_10,Link_6_10
Demand_2_7,Link_2_9,Link_7_9
Demand_2_8,Link_0_2,Link_0_5,Link_5_8
Demand_2_9,Link_2_9
Demand_2_10,Link_0_2,Link_0_5,Link_5_10
Demand_2_11,Link_1_2,Link_1_7,Link_7_11
Demand_3_4,Link_3_4
Demand_3_5,Link_3_4,Link_4_10,Link_5_10
Demand_3_6,Link_3_6
Demand_3_7,Link_3_4,Link_4_10,Link_1_10,Link_1_7
Demand_3_8,Link_3_4,Link_4_8
Demand_3_9,Link_3_6,Link_6_10,Link_0_10,Link_0_2,Link_2_9
Demand_3_10,Link_3_4,Link_4_10
Demand_3_11,Link_3_6,Link_6_11
Demand_4_5,Link_4_10,Link_5_10
Demand_4_6,Link_4_10,Link_6_10
Demand_4_7,Link_4_10,Link_1_10,Link_1_7
Demand_4_8,Link_4_8
Demand_4_9,Link_4_8,Link_5_8,Link_0_5,Link_0_2,Link_2_9
Demand_4_10,Link_4_8,Link_5_8,Link_5_10
Demand_4_11,Link_3_4,Link_3_11
Demand_5_6,Link_5_8,Link_4_8,Link_3_4,Link_3_6
Demand_5_7,Link_5_10,Link_1_10,Link_1_7
Demand_5_8,Link_5_8
Demand_5_9,Link_0_5,Link_0_2,Link_2_9
Demand_5_10,Link_5_10
Demand_5_11,Link_0_5,Link_0_2,Link_1_2,Link_1_7,Link_7_11
Demand_6_7,Link_3_6,Link_3_11,Link_7_11
Demand_6_8,Link_6_10,Link_4_10,Link_4_8
Demand_6_9,Link_6_10,Link_0_10,Link_0_2,Link_2_9
Demand_6_10,Link_6_10
Demand_6_11,Link_6_11
Demand_7_8,Link_1_7,Link_1_10,Link_4_10,Link_4_8
Demand_7_9,Link_7_9
Demand_7_10,Link_1_7,Link_1_10
Demand_7_11,Link_7_11
Demand_8_9,Link_4_8,Link_4_10,Link_0_10,Link_0_2,Link_2_9
Demand_8_10,Link_5_8,Link_5_10
Demand_8_11,Link_4_8,Link_3_4,Link_3_11
Demand_9_10,Link_7_9,Link_1_7,Link_1_10
Demand_9_11,Link_7_9,Link_7_11
Demand_10_11,Link_6_10,Link_6_11

