Demand name,Link_0_10,Link_0_2,Link_1_2,Link_1_7,Link_1_10,Link_2_9,Link_3_4,Link_3_6,Link_3_11,Link_4_8,Link_4_10,Link_5_8,Link_5_10,Link_6_10,Link_6_11,Link_7_9,Link_7_11,Link_0_5
Demand_0_1,4,5,5,5,4,3,5,2,3,4,4,4,3,3,2,3,3,4
Demand_0_2,4,5,5,5,4,3,5,2,3,4,4,4,3,3,2,3,3,4
Demand_0_3,4,5,5,5,4,3,5,2,3,4,4,4,3,3,2,3,3,4
Demand_0_4,4,5,5,5,4,3,5,2,3,4,4,4,3,3,2,3,3,4
Demand_0_5,4,5,5,5,4,3,5,2,3,4,4,4,3,3,2,3,3,4
Demand_0_6,4,5,5,5,4,3,5,2,3,4,4,4,3,3,2,3,3,4
Demand_0_7,4,5,5,5,4,3,5,2,3,4,4,4,3,3,2,3,3,4
Demand_0_8,4,5,5,5,4,3,5,2,3,4,4,4,3,3,2,3,3,4
Demand_0_9,4,5,5,5,4,3,5,2,3,4,4,4,3,3,2,3,3,4
Demand_0_10,4,5,5,5,4,3,5,2,3,4,4,4,3,3,2,3,3,4
Demand_0_11,4,5,5,5,4,3,5,2,3,4,4,4,3,3,2,3,3,4
Demand_1_2,4,5,5,5,4,3,5,2,3,4,4,4,3,3,2,3,3,4
Demand_1_3,4,5,5,5,4,3,5,2,3,4,4,4,3,3,2,3,3,4
Demand_1_4,4,5,5,5,4,3,5,2,3,4,4,4,3,3,2,3,3,4
Demand_1_5,4,5,5,5,4,3,5,2,3,4,4,4,3,3,2,3,3,4
Demand_1_6,4,5,5,5,4,3,5,2,3,4,4,4,3,3,2,3,3,4
Demand_1_7,4,5,5,5,4,3,5,2,3,4,4,4,3,3,2,3,3,4
Demand_1_8,4,5,5,5,4,3,5,2,3,4,4,4,3,3,2,3,3,4
Demand_1_9,4,5,5,5,4,3,5,2,3,4,4,4,3,3,2,3,3,4
Demand_1_10,4,5,5,5,4,3,5,2,3,4,4,4,3,3,2,3,3,4
Demand_1_11,4,5,5,5,4,3,5,2,3,4,4,4,3,3,2,3,3,4
Demand_2_3,4,5,5,5,4,3,5,2,3,4,4,4,3,3,2,3,3,4
Demand_2_4,4,5,5,5,4,3,5,2,3,4,4,4,3,3,2,3,3,4
Demand_2_5,4,5,5,5,4,3,5,2,3,4,4,4,3,3,2,3,3,4
Demand_2_6,4,5,5,5,4,3,5,2,3,4,4,4,3,3,2,3,3,4
Demand_2_7,4,5,5,5,4,3,5,2,3,4,4,4,3,3,2,3,3,4
Demand_2_8,4,5,5,5,4,3,5,2,3,4,4,4,3,3,2,3,3,4
Demand_2_9,4,5,5,5,4,3,5,2,3,4,4,4,3,3,2,3,3,4
Demand_2_10,4,5,5,5,4,3,5,2,3,4,4,4,3,3,2,3,3,4
Demand_2_11,4,5,5,5,4,3,5,2,3,4,4,4,3,3,2,3,3,4
Demand_3_4,4,5,5,5,4,3,5,2,3,4,4,4,3,3,2,3,3,4
Demand_3_5,4,5,5,5,4,3,5,2,3,4,4,4,3,3,2,3,3,4
Demand_3_6,4,5,5,5,4,3,5,2,3,4,4,4,3,3,2,3,3,4
Demand_3_7,4,5,5,5,4,3,5,2,3,4,4,4,3,3,2,3,3,4
Demand_3_8,4,5,5,5,4,3,5,2,3,4,4,4,3,3,2,3,3,4
Demand_3_9,4,5,5,5,4,3,5,2,3,4,4,4,3,3,2,3,3,4
Demand_3_10,4,5,5,5,4,3,5,2,3,4,4,4,3,3,2,3,3,4
Demand_3_11,4,5,5,5,4,3,5,2,3,4,4,4,3,3,2,3,3,4
Demand_4_5,4,5,5,5,4,3,5,2,3,4,4,4,3,3,2,3,3,4
Demand_4_6,4,5,5,5,4,3,5,2,3,4,4,4,3,3,2,3,3,4
Demand_4_7,4,5,5,5,4,3,5,2,3,4,4,4,3,3,2,3,3,4
Demand_4_8,4,5,5,5,4,3,5,2,3,4,4,4,3,3,2,3,3,4
Demand_4_9,4,5,5,5,4,3,5,2,3,4,4,4,3,3,2,3,3,4
Demand_4_10,4,5,5,5,4,3,5,2,3,4,4,4,3,3,2,3,3,4
Demand_4_11,4,5,5,5,4,3,5,2,3,4,4,4,3,3,2,3,3,4
Demand_5_6,4,5,5,5,4,3,5,2,3,4,4,4,3,3,2,3,3,4
Demand_5_7,4,5,5,5,4,3,5,2,3,4,4,4,3,3,2,3,3,4
Demand_5_8,4,5,5,5,4,3,5,2,3,4,4,4,3,3,2,3,3,4
Demand_5_9,4,5,5,5,4,3,5,2,3,4,4,4,3,3,2,3,3,4
Demand_5_10,4,5,5,5,4,3,5,2,3,4,4,4,3,3,2,3,3,4
Demand_5_11,4,5,5,5,4,3,5,2,3,4,4,4,3,3,2,3,3,4
Demand_6_7,4,5,5,5,4,3,5,2,3,4,4,4,3,3,2,3,3,4
Demand_6_8,4,5,5,5,4,3,5,2,3,4,4,4,3,3,2,3,3,4
Demand_6_9,4,5,5,5,4,3,5,2,3,4,4,4,3,3,2,3,3,4
Demand_6_10,4,5,5,5,4,3,5,2,3,4,4,4,3,3,2,3,3,4
Demand_6_11,4,5,5,5,4,3,5,2,3,4,4,4,3,3,2,3,3,4
Demand_7_8,4,5,5,5,4,3,5,2,3,4,4,4,3,3,2,3,3,4
Demand_7_9,4,5,5,5,4,3,5,2,3,4,4,4,3,3,2,3,3,4
Demand_7_10,4,5,5,5,4,3,5,2,3,4,4,4,3,3,2,3,3,4
Demand_7_11,4,5,5,5,4,3,5,2,3,4,4,4,3,3,2,3,3,4
Demand_8_9,4,5,5,5,4,3,5,2,3,4,4,4,3,3,2,3,3,4
Demand_8_10,4,5,5,5,4,3,5,2,3,4,4,4,3,3,2,3,3,4
Demand_8_11,4,5,5,5,4,3,5,2,3,4,4,4,3,3,2,3,3,4
Demand_9_10,4,5,5,5,4,3,5,2,3,4,4,4,3,3,2,3,3,4
Demand_9_11,4,5,5,5,4,3,5,2,3,4,4,4,3,3,2,3,3,4
Demand_10_11,4,5,5,5,4,3,5,2,3,4,4,4,3,3,2,3,3,4

